{"train": [{"loss_box": 0.06897726655006409, "loss_conf": 0.1972537636756897, "loss_label": 0.01920956000685692, "loss_total": 0.285440593957901, "acc_is_top": 1.0, "acc_top": 0.8526785969734192, "acc_bottom": 0.7421875, "acc_total": 0.7974330186843872}], "valid": [{"loss_box": 0.13984447717666626, "loss_conf": 1.3043888807296753, "loss_label": 1.2522042989730835, "loss_total": 2.6964378356933594, "acc_is_top": 0.984375, "acc_top": 0.4910714328289032, "acc_bottom": 0.5546875, "acc_total": 0.5228794813156128}]}